Entity,Code,Year,"Hazardous waste generated, per capita (Kg)"
Algeria,DZA,2003,10.14
Algeria,DZA,2007,9.57
Andorra,AND,2013,13.68
Andorra,AND,2014,29.06
Andorra,AND,2015,24.92
Andorra,AND,2016,26.52
Andorra,AND,2017,20.69
Andorra,AND,2018,19.3
Andorra,AND,2019,17.08
Andorra,AND,2020,15.04
Andorra,AND,2021,15.13
Argentina,ARG,2016,16.77
Argentina,ARG,2017,22.77
Argentina,ARG,2018,17.56
Argentina,ARG,2019,17.24
Argentina,ARG,2020,21.53
Argentina,ARG,2021,20.56
Armenia,ARM,2000,120.43
Armenia,ARM,2001,119.85
Armenia,ARM,2002,121.71
Armenia,ARM,2003,111.57
Armenia,ARM,2004,114.62
Armenia,ARM,2005,113.65
Armenia,ARM,2006,116.4
Armenia,ARM,2007,120.58
Armenia,ARM,2008,146.56
Armenia,ARM,2009,148.78
Armenia,ARM,2010,147.78
Armenia,ARM,2011,158.04
Armenia,ARM,2012,161.44
Armenia,ARM,2013,199.58
Armenia,ARM,2014,199.46
Armenia,ARM,2015,192.83
Armenia,ARM,2016,214.76
Armenia,ARM,2017,188.58
Armenia,ARM,2018,180.1
Armenia,ARM,2019,202.27
Armenia,ARM,2020,9104.12
Armenia,ARM,2021,8954.81
Austria,AUT,2004,124
Austria,AUT,2006,116
Austria,AUT,2008,160
Austria,AUT,2010,176
Austria,AUT,2012,126
Austria,AUT,2014,149
Austria,AUT,2016,144
Austria,AUT,2018,149
Austria,AUT,2020,144
Austria,AUT,2022,163
Azerbaijan,AZE,2000,3.24
Azerbaijan,AZE,2001,1.98
Azerbaijan,AZE,2002,1.17
Azerbaijan,AZE,2003,3.17
Azerbaijan,AZE,2004,1.31
Azerbaijan,AZE,2005,1.48
Azerbaijan,AZE,2006,3.37
Azerbaijan,AZE,2007,1.18
Azerbaijan,AZE,2008,2.7
Azerbaijan,AZE,2009,14.46
Azerbaijan,AZE,2010,15.15
Azerbaijan,AZE,2011,19.84
Azerbaijan,AZE,2012,31.31
Azerbaijan,AZE,2013,21.1
Azerbaijan,AZE,2014,46.87
Azerbaijan,AZE,2015,19.44
Azerbaijan,AZE,2016,63.01
Azerbaijan,AZE,2017,18.59
Azerbaijan,AZE,2018,31.44
Azerbaijan,AZE,2019,29.02
Azerbaijan,AZE,2020,27.57
Azerbaijan,AZE,2021,23.78
Bahrain,BHR,2000,196.78
Bahrain,BHR,2001,191.71
Bahrain,BHR,2002,187.08
Bahrain,BHR,2003,43.19
Bahrain,BHR,2004,39.6
Bahrain,BHR,2005,42.36
Bahrain,BHR,2006,39.9
Bahrain,BHR,2007,33.64
Bahrain,BHR,2010,59.67
Bahrain,BHR,2011,58.29
Bahrain,BHR,2012,62.55
Bahrain,BHR,2013,58.57
Bahrain,BHR,2014,55.86
Bahrain,BHR,2015,55.01
Bahrain,BHR,2016,51.39
Bahrain,BHR,2017,49.27
Bahrain,BHR,2018,54.56
Bahrain,BHR,2019,61.89
Bangladesh,BGD,2007,0.14
Bangladesh,BGD,2012,0.19
Bangladesh,BGD,2019,54.27
Bangladesh,BGD,2020,56.74
Bangladesh,BGD,2021,64.17
Belarus,BLR,2000,7.12
Belarus,BLR,2001,9.72
Belarus,BLR,2002,11.53
Belarus,BLR,2003,12.31
Belarus,BLR,2004,15.42
Belarus,BLR,2005,19.33
Belarus,BLR,2006,24.18
Belarus,BLR,2007,32.82
Belarus,BLR,2008,53.34
Belarus,BLR,2009,77.94
Belarus,BLR,2010,94.35
Belarus,BLR,2011,97.17
Belarus,BLR,2012,136.46
Belarus,BLR,2013,146.05
Belarus,BLR,2014,177.85
Belarus,BLR,2015,124.51
Belarus,BLR,2016,167.55
Belarus,BLR,2017,171.82
Belarus,BLR,2018,226.85
Belarus,BLR,2019,213.49
Belarus,BLR,2020,237.35
Belarus,BLR,2021,211.13
Belgium,BEL,2004,499
Belgium,BEL,2006,383
Belgium,BEL,2008,553
Belgium,BEL,2010,438
Belgium,BEL,2012,251
Belgium,BEL,2014,264
Belgium,BEL,2016,336
Belgium,BEL,2018,343
Belgium,BEL,2020,342
Belgium,BEL,2022,189
Belize,BLZ,2000,3.22
Benin,BEN,2002,0.23
Bermuda,BMU,2010,9.17
Bermuda,BMU,2011,9.29
Bermuda,BMU,2012,8.97
Bermuda,BMU,2013,8.91
Bermuda,BMU,2014,9.28
Bermuda,BMU,2015,9.53
Bermuda,BMU,2016,9.51
Bermuda,BMU,2017,8.3
Bermuda,BMU,2018,23.6
Bermuda,BMU,2019,28.21
Bhutan,BTN,2017,0.57
Bhutan,BTN,2019,0.47
Bosnia and Herzegovina,BIH,2008,2.68
Bosnia and Herzegovina,BIH,2009,2.48
Bosnia and Herzegovina,BIH,2010,2.71
Bosnia and Herzegovina,BIH,2012,246
Bosnia and Herzegovina,BIH,2014,2
Bosnia and Herzegovina,BIH,2016,4
Bosnia and Herzegovina,BIH,2018,4
Bosnia and Herzegovina,BIH,2020,2.99
Bosnia and Herzegovina,BIH,2022,4
Bulgaria,BGR,2004,1542
Bulgaria,BGR,2006,1783
Bulgaria,BGR,2008,1741
Bulgaria,BGR,2010,1833
Bulgaria,BGR,2012,1835
Bulgaria,BGR,2014,1690
Bulgaria,BGR,2016,1870
Bulgaria,BGR,2018,1912
Bulgaria,BGR,2020,2012
Bulgaria,BGR,2022,2172
Burkina Faso,BFA,2004,0.03
Burkina Faso,BFA,2005,0.03
Burkina Faso,BFA,2006,0.04
Burkina Faso,BFA,2007,0.03
Burkina Faso,BFA,2008,0.04
Burkina Faso,BFA,2009,0.04
Burkina Faso,BFA,2010,0
Burkina Faso,BFA,2011,0
Cameroon,CMR,2004,0.34
Cameroon,CMR,2005,0.55
Cameroon,CMR,2006,0.57
Cameroon,CMR,2007,0.46
Cameroon,CMR,2008,0.49
Cameroon,CMR,2009,0.45
Cape Verde,CPV,2002,0.13
Cape Verde,CPV,2014,6.5
China,CHN,2000,6.57
China,CHN,2001,7.48
China,CHN,2002,7.81
China,CHN,2003,9.08
China,CHN,2004,7.67
China,CHN,2005,8.9
China,CHN,2006,8.26
China,CHN,2007,8.16
China,CHN,2008,10.2
China,CHN,2009,10.68
China,CHN,2010,11.77
China,CHN,2011,25.28
China,CHN,2012,25.36
China,CHN,2013,22.94
China,CHN,2014,26.23
China,CHN,2015,28.53
China,CHN,2016,37.23
China,CHN,2017,46.67
China,CHN,2018,52.71
China,CHN,2019,57.15
China,CHN,2020,51.1
Croatia,HRV,2004,26
Croatia,HRV,2006,179
Croatia,HRV,2008,51
Croatia,HRV,2010,17
Croatia,HRV,2012,28
Croatia,HRV,2014,31
Croatia,HRV,2016,42
Croatia,HRV,2018,43
Croatia,HRV,2020,46
Croatia,HRV,2022,47
Cuba,CUB,2004,54.68
Cuba,CUB,2005,83.71
Cuba,CUB,2006,111.33
Cuba,CUB,2007,125.76
Cuba,CUB,2010,58.52
Cuba,CUB,2011,44.31
Cuba,CUB,2012,49.98
Cuba,CUB,2013,43.86
Cuba,CUB,2014,36.37
Cuba,CUB,2015,26.71
Cuba,CUB,2016,20.36
Cuba,CUB,2017,20.74
Cuba,CUB,2018,34.04
Cuba,CUB,2019,23.14
Cuba,CUB,2020,25.23
Cuba,CUB,2021,20.92
Cyprus,CYP,2004,153
Cyprus,CYP,2006,23
Cyprus,CYP,2008,30
Cyprus,CYP,2010,45
Cyprus,CYP,2012,36
Cyprus,CYP,2014,203
Cyprus,CYP,2016,187
Cyprus,CYP,2018,258
Cyprus,CYP,2020,36
Cyprus,CYP,2022,63
Czechia,CZE,2004,142
Czechia,CZE,2006,128
Czechia,CZE,2008,145
Czechia,CZE,2010,130
Czechia,CZE,2012,141
Czechia,CZE,2014,110
Czechia,CZE,2016,103
Czechia,CZE,2018,159
Czechia,CZE,2020,164
Czechia,CZE,2022,146
Denmark,DNK,2004,59
Denmark,DNK,2006,69
Denmark,DNK,2008,76
Denmark,DNK,2010,221
Denmark,DNK,2012,218
Denmark,DNK,2014,304
Denmark,DNK,2016,351
Denmark,DNK,2018,361
Denmark,DNK,2020,235
Denmark,DNK,2022,223
Dominica,DMA,2002,8.09
Dominica,DMA,2003,8.07
Dominica,DMA,2004,8.05
Dominica,DMA,2005,8.04
Dominica,DMA,2006,8.03
Dominica,DMA,2007,8.03
Dominica,DMA,2008,8.03
Dominica,DMA,2009,8.02
Dominica,DMA,2010,8.03
Dominica,DMA,2011,8.03
Dominica,DMA,2012,8.01
Dominica,DMA,2013,8.02
Dominica,DMA,2014,7.96
Dominica,DMA,2015,7.88
Dominica,DMA,2016,7.88
Dominica,DMA,2017,7.84
Dominica,DMA,2018,7.79
Dominica,DMA,2019,7.73
Dominica,DMA,2020,10.67
Dominica,DMA,2021,10.61
Ecuador,ECU,2013,0.53
Ecuador,ECU,2014,0.63
Ecuador,ECU,2015,0.61
Ecuador,ECU,2016,0.66
Ecuador,ECU,2017,0.74
Ecuador,ECU,2018,0.87
Ecuador,ECU,2019,0.86
El Salvador,SLV,2011,166.5
El Salvador,SLV,2012,164.05
El Salvador,SLV,2013,121.38
El Salvador,SLV,2014,181.6
El Salvador,SLV,2015,184.01
El Salvador,SLV,2016,170.95
El Salvador,SLV,2017,189.61
El Salvador,SLV,2018,195.09
El Salvador,SLV,2019,199.55
El Salvador,SLV,2020,182
El Salvador,SLV,2021,226.24
Estonia,EST,2004,5382
Estonia,EST,2006,4914
Estonia,EST,2008,5638
Estonia,EST,2010,6731
Estonia,EST,2012,6925
Estonia,EST,2014,7919
Estonia,EST,2016,7358
Estonia,EST,2018,8230
Estonia,EST,2020,1198
Estonia,EST,2022,1130
Fiji,FJI,2006,0
Fiji,FJI,2007,0
Fiji,FJI,2008,0
Fiji,FJI,2009,0
Fiji,FJI,2010,0
Fiji,FJI,2011,0
Fiji,FJI,2012,0
Fiji,FJI,2013,0.01
Fiji,FJI,2014,0.01
Fiji,FJI,2015,0.01
Fiji,FJI,2016,0.01
Fiji,FJI,2017,0.02
Fiji,FJI,2018,0.02
Fiji,FJI,2019,0.02
Fiji,FJI,2020,0.02
Fiji,FJI,2021,0.02
Finland,FIN,2004,412
Finland,FIN,2006,515
Finland,FIN,2008,407
Finland,FIN,2010,477
Finland,FIN,2012,305
Finland,FIN,2014,366
Finland,FIN,2016,435
Finland,FIN,2018,344
Finland,FIN,2020,592
Finland,FIN,2022,5267
France,FRA,2004,140
France,FRA,2006,140
France,FRA,2008,170
France,FRA,2010,178
France,FRA,2012,173
France,FRA,2014,163
France,FRA,2016,165
France,FRA,2018,180
France,FRA,2020,166
France,FRA,2022,167
French Guiana,GUF,2006,15.54
French Guiana,GUF,2007,11.09
French Guiana,GUF,2008,2.43
French Guiana,GUF,2009,2.81
French Guiana,GUF,2010,2.67
French Guiana,GUF,2011,2.88
French Guiana,GUF,2012,3.61
French Guiana,GUF,2013,2.76
French Guiana,GUF,2014,6.72
French Guiana,GUF,2015,4.63
French Guiana,GUF,2017,3.27
French Guiana,GUF,2018,5.74
French Guiana,GUF,2019,8.16
French Guiana,GUF,2020,7.84
Germany,DEU,2004,242
Germany,DEU,2006,263
Germany,DEU,2008,272
Germany,DEU,2010,244
Germany,DEU,2012,273
Germany,DEU,2014,269
Germany,DEU,2016,280
Germany,DEU,2018,292
Germany,DEU,2020,282
Germany,DEU,2022,272
Greece,GRC,2004,31
Greece,GRC,2006,25
Greece,GRC,2008,23
Greece,GRC,2010,26
Greece,GRC,2012,27
Greece,GRC,2014,20
Greece,GRC,2016,47
Greece,GRC,2018,58
Greece,GRC,2020,52
Greece,GRC,2022,71
Guadeloupe,GLP,2006,25.26
Guadeloupe,GLP,2007,14.29
Guadeloupe,GLP,2008,3.91
Guadeloupe,GLP,2009,2.1
Guadeloupe,GLP,2010,18.58
Guadeloupe,GLP,2011,4.92
Guadeloupe,GLP,2012,22.48
Guadeloupe,GLP,2013,29.47
Guadeloupe,GLP,2014,29.11
Guadeloupe,GLP,2015,55.14
Guadeloupe,GLP,2016,25.2
Guadeloupe,GLP,2017,27.7
Guadeloupe,GLP,2018,28.78
Guadeloupe,GLP,2019,30.38
Guadeloupe,GLP,2020,24.2
Guatemala,GTM,2001,46.32
Guatemala,GTM,2002,51.01
Guatemala,GTM,2003,51.58
Guatemala,GTM,2004,48.4
Guatemala,GTM,2005,45.61
Guatemala,GTM,2006,61.32
Guatemala,GTM,2007,0.06
Guatemala,GTM,2008,0.08
Guatemala,GTM,2009,0
Guatemala,GTM,2010,20.72
Guatemala,GTM,2011,0
Guatemala,GTM,2012,0
Guatemala,GTM,2013,1.12
Guatemala,GTM,2014,1.3
Guatemala,GTM,2015,0.71
Guatemala,GTM,2016,0.3
Guatemala,GTM,2017,0.94
Hong Kong,HKG,2000,13.61
Hong Kong,HKG,2001,11.33
Hong Kong,HKG,2002,9.36
Hong Kong,HKG,2003,8.6
Hong Kong,HKG,2004,6.89
Hong Kong,HKG,2005,6.79
Hong Kong,HKG,2006,8.48
Hong Kong,HKG,2007,8.66
Hong Kong,HKG,2008,8.07
Hong Kong,HKG,2009,7.73
Hong Kong,HKG,2010,5.72
Hong Kong,HKG,2011,5.04
Hong Kong,HKG,2012,4.69
Hong Kong,HKG,2013,4.48
Hong Kong,HKG,2014,4.33
Hong Kong,HKG,2015,4.56
Hungary,HUN,2004,135
Hungary,HUN,2006,129
Hungary,HUN,2008,67
Hungary,HUN,2010,54
Hungary,HUN,2012,71
Hungary,HUN,2014,60
Hungary,HUN,2016,47
Hungary,HUN,2018,56
Hungary,HUN,2020,59
Hungary,HUN,2022,62
Iceland,ISL,2004,29
Iceland,ISL,2008,285
Iceland,ISL,2010,26
Iceland,ISL,2012,51
Iceland,ISL,2014,111
Iceland,ISL,2016,143
Iceland,ISL,2018,92
Iceland,ISL,2020,113
India,IND,2000,6.84
India,IND,2006,6.94
India,IND,2008,5.16
India,IND,2011,6.28
India,IND,2012,6.2
India,IND,2014,5.68
India,IND,2015,5.9
India,IND,2016,3.85
India,IND,2017,5.3
India,IND,2018,6.9
India,IND,2019,6.25
Iraq,IRQ,2008,0.09
Iraq,IRQ,2010,0.5
Iraq,IRQ,2012,3.53
Iraq,IRQ,2014,0.19
Iraq,IRQ,2015,0.55
Iraq,IRQ,2016,0.49
Iraq,IRQ,2017,0.43
Iraq,IRQ,2018,0.52
Iraq,IRQ,2019,0.63
Iraq,IRQ,2020,0.51
Ireland,IRL,2004,178
Ireland,IRL,2006,166
Ireland,IRL,2008,166
Ireland,IRL,2010,432
Ireland,IRL,2012,104
Ireland,IRL,2014,104
Ireland,IRL,2016,112
Ireland,IRL,2018,130
Ireland,IRL,2020,178
Ireland,IRL,2022,130
Italy,ITA,2004,106
Italy,ITA,2006,128
Italy,ITA,2008,117
Italy,ITA,2010,144
Italy,ITA,2012,151
Italy,ITA,2014,146
Italy,ITA,2016,160
Italy,ITA,2018,168
Italy,ITA,2020,168
Italy,ITA,2022,171
Jamaica,JAM,2000,3.83
Jamaica,JAM,2001,3.81
Jamaica,JAM,2002,3.79
Jamaica,JAM,2003,3.77
Jamaica,JAM,2004,3.75
Jamaica,JAM,2005,3.74
Jamaica,JAM,2006,3.72
Jordan,JOR,2003,13.64
Jordan,JOR,2004,6.04
Jordan,JOR,2005,12.57
Jordan,JOR,2008,195.06
Jordan,JOR,2009,15.99
Jordan,JOR,2010,8.94
Jordan,JOR,2011,173.06
Jordan,JOR,2013,6.16
Jordan,JOR,2016,6.1
Jordan,JOR,2017,6.11
Jordan,JOR,2018,6.24
Jordan,JOR,2019,6.39
Jordan,JOR,2020,6.62
Jordan,JOR,2021,6.79
Kazakhstan,KAZ,2004,45182.39
Kazakhstan,KAZ,2005,107581.23
Kazakhstan,KAZ,2006,16683.01
Kazakhstan,KAZ,2007,16317.99
Kazakhstan,KAZ,2008,27992.01
Kazakhstan,KAZ,2009,13873.3
Kazakhstan,KAZ,2010,18229.49
Kazakhstan,KAZ,2011,24943.39
Kazakhstan,KAZ,2012,20812.45
Kazakhstan,KAZ,2013,22035.06
Kazakhstan,KAZ,2014,19179.69
Kazakhstan,KAZ,2015,14104.45
Kazakhstan,KAZ,2016,8374.07
Kazakhstan,KAZ,2017,6927.41
Kazakhstan,KAZ,2018,8089.42
Kazakhstan,KAZ,2019,9624.84
Kazakhstan,KAZ,2020,7262.04
Kazakhstan,KAZ,2021,2192.6
Kenya,KEN,2017,0.78
Kyrgyzstan,KGZ,2000,1277.38
Kyrgyzstan,KGZ,2001,1250.56
Kyrgyzstan,KGZ,2002,1295.66
Kyrgyzstan,KGZ,2003,1264.47
Kyrgyzstan,KGZ,2004,1247.98
Kyrgyzstan,KGZ,2005,1195.08
Kyrgyzstan,KGZ,2006,1110.59
Kyrgyzstan,KGZ,2007,1047.51
Kyrgyzstan,KGZ,2008,1044.1
Kyrgyzstan,KGZ,2009,1049.79
Kyrgyzstan,KGZ,2010,1058.9
Kyrgyzstan,KGZ,2011,1828.59
Kyrgyzstan,KGZ,2012,875.4
Kyrgyzstan,KGZ,2013,1391.24
Kyrgyzstan,KGZ,2014,1758.22
Kyrgyzstan,KGZ,2015,1774.98
Kyrgyzstan,KGZ,2016,2056.64
Kyrgyzstan,KGZ,2017,2066.28
Latvia,LVA,2004,7
Latvia,LVA,2006,29
Latvia,LVA,2008,31
Latvia,LVA,2010,32
Latvia,LVA,2012,47
Latvia,LVA,2014,52
Latvia,LVA,2016,34
Latvia,LVA,2018,40
Latvia,LVA,2020,74
Latvia,LVA,2022,31
Lebanon,LBN,2001,24.66
Lebanon,LBN,2002,22.6
Lesotho,LSO,2012,0.04
Lesotho,LSO,2013,0.4
Lesotho,LSO,2014,0.34
Lesotho,LSO,2015,0.42
Lesotho,LSO,2016,0.6
Lesotho,LSO,2017,0.4
Lesotho,LSO,2018,0.26
Lesotho,LSO,2019,0.13
Liechtenstein,LIE,2006,302.55
Liechtenstein,LIE,2007,1321.58
Liechtenstein,LIE,2008,217.85
Liechtenstein,LIE,2009,228.74
Liechtenstein,LIE,2010,784.42
Liechtenstein,LIE,2011,482.63
Liechtenstein,LIE,2012,385.45
Liechtenstein,LIE,2013,389.36
Liechtenstein,LIE,2014,310.19
Liechtenstein,LIE,2015,208.68
Liechtenstein,LIE,2016,230.27
Liechtenstein,LIE,2017,245.81
Liechtenstein,LIE,2018,294.8
Liechtenstein,LIE,2019,201.12
Liechtenstein,LIE,2020,192.4
Liechtenstein,LIE,2021,220.39
Lithuania,LTU,2004,27
Lithuania,LTU,2006,29
Lithuania,LTU,2008,36
Lithuania,LTU,2010,34
Lithuania,LTU,2012,46
Lithuania,LTU,2014,56
Lithuania,LTU,2016,61
Lithuania,LTU,2018,69
Lithuania,LTU,2020,92
Lithuania,LTU,2022,85
Luxembourg,LUX,2004,270
Luxembourg,LUX,2006,495
Luxembourg,LUX,2008,407
Luxembourg,LUX,2010,750
Luxembourg,LUX,2012,593
Luxembourg,LUX,2014,426
Luxembourg,LUX,2016,613
Luxembourg,LUX,2018,708
Luxembourg,LUX,2020,397
Luxembourg,LUX,2022,722
Macao,MAC,2000,0.34
Macao,MAC,2001,0.36
Macao,MAC,2002,0.4
Macao,MAC,2003,0.38
Macao,MAC,2004,0.42
Macao,MAC,2005,0.43
Macao,MAC,2006,0.44
Macao,MAC,2007,0.46
Macao,MAC,2008,0.85
Macao,MAC,2009,0.83
Macao,MAC,2010,0.83
Macao,MAC,2011,0.8
Macao,MAC,2012,0.71
Macao,MAC,2013,0.73
Macao,MAC,2014,0.8
Macao,MAC,2015,0.77
Macao,MAC,2016,0.87
Macao,MAC,2017,0.87
Macao,MAC,2018,0.79
Macao,MAC,2019,0.85
Macao,MAC,2020,1.2
Macao,MAC,2021,2.77
Madagascar,MDG,2002,0.11
Madagascar,MDG,2007,2.31
Malaysia,MYS,2000,15.02
Malaysia,MYS,2001,17.85
Malaysia,MYS,2002,19.09
Malaysia,MYS,2003,18.63
Malaysia,MYS,2004,18.54
Malaysia,MYS,2005,21.17
Malaysia,MYS,2006,41.63
Malaysia,MYS,2007,42.04
Malaysia,MYS,2008,47.17
Malaysia,MYS,2009,60.44
Malaysia,MYS,2010,107.51
Malaysia,MYS,2011,112.44
Malaysia,MYS,2012,96.24
Malaysia,MYS,2013,98.41
Malaysia,MYS,2014,76.93
Malaysia,MYS,2015,93.94
Malaysia,MYS,2016,87.76
Malaysia,MYS,2017,63.09
Malaysia,MYS,2018,72.69
Malaysia,MYS,2019,122.34
Malaysia,MYS,2020,216.42
Malaysia,MYS,2021,223.54
Malta,MLT,2004,110
Malta,MLT,2006,126
Malta,MLT,2008,135
Malta,MLT,2010,60
Malta,MLT,2012,91
Malta,MLT,2014,85
Malta,MLT,2016,296
Malta,MLT,2018,68
Malta,MLT,2020,81
Malta,MLT,2022,84
Martinique,MTQ,2006,25.74
Martinique,MTQ,2007,11.92
Martinique,MTQ,2008,8.71
Martinique,MTQ,2009,8.82
Martinique,MTQ,2010,10.48
Martinique,MTQ,2011,3.94
Martinique,MTQ,2012,12.16
Martinique,MTQ,2013,9.12
Martinique,MTQ,2014,44.67
Martinique,MTQ,2015,20.99
Martinique,MTQ,2016,41.4
Martinique,MTQ,2017,23.27
Martinique,MTQ,2018,51.6
Martinique,MTQ,2019,11.82
Martinique,MTQ,2020,17.87
Mauritius,MUS,2003,0.72
Mauritius,MUS,2007,5.6
Mauritius,MUS,2008,5.75
Mauritius,MUS,2009,5.9
Mauritius,MUS,2010,6.06
Mauritius,MUS,2011,13.26
Mauritius,MUS,2012,13.76
Mauritius,MUS,2013,14.29
Mauritius,MUS,2014,14.84
Mauritius,MUS,2015,15.43
Mauritius,MUS,2016,16.03
Mauritius,MUS,2017,16.66
Moldova,MDA,2000,0.68
Moldova,MDA,2001,0.54
Moldova,MDA,2002,0.55
Moldova,MDA,2003,0.88
Moldova,MDA,2004,0.48
Moldova,MDA,2005,0.43
Moldova,MDA,2006,0.43
Moldova,MDA,2007,0.67
Moldova,MDA,2008,0.39
Moldova,MDA,2009,0.45
Moldova,MDA,2010,0.24
Moldova,MDA,2011,0.86
Moldova,MDA,2012,1.11
Moldova,MDA,2013,1.22
Moldova,MDA,2014,0.38
Moldova,MDA,2015,2.22
Moldova,MDA,2016,1.9
Moldova,MDA,2017,2.73
Moldova,MDA,2018,3.49
Moldova,MDA,2019,2.78
Moldova,MDA,2020,1.33
Moldova,MDA,2021,1.64
Monaco,MCO,2000,9.39
Monaco,MCO,2001,10.76
Monaco,MCO,2002,17.54
Monaco,MCO,2003,24.58
Monaco,MCO,2004,19.92
Monaco,MCO,2005,14.29
Monaco,MCO,2006,14.26
Monaco,MCO,2007,18.34
Monaco,MCO,2008,21.39
Monaco,MCO,2009,12.37
Monaco,MCO,2013,8.51
Monaco,MCO,2014,8.43
Monaco,MCO,2015,8.49
Monaco,MCO,2016,269.97
Monaco,MCO,2017,259.78
Monaco,MCO,2018,269.64
Monaco,MCO,2019,329.31
Monaco,MCO,2020,598.64
Monaco,MCO,2021,316.87
Mongolia,MNG,2018,89.76
Mongolia,MNG,2019,97.89
Mongolia,MNG,2020,139.28
Mongolia,MNG,2021,66.62
Montenegro,MNE,2012,337
Montenegro,MNE,2014,436
Montenegro,MNE,2016,524
Montenegro,MNE,2018,546
Montenegro,MNE,2020,553
Montenegro,MNE,2022,477
Morocco,MAR,2000,4.17
Morocco,MAR,2008,8.09
Morocco,MAR,2013,8.56
Myanmar,MMR,2012,0.01
Myanmar,MMR,2013,0
Myanmar,MMR,2014,0.01
Myanmar,MMR,2015,0.01
Myanmar,MMR,2016,0.01
Myanmar,MMR,2017,0.01
Myanmar,MMR,2018,0.01
Myanmar,MMR,2019,0.02
Myanmar,MMR,2020,0.02
Myanmar,MMR,2021,0.02
Netherlands,NLD,2004,131
Netherlands,NLD,2006,314
Netherlands,NLD,2008,271
Netherlands,NLD,2010,270
Netherlands,NLD,2012,290
Netherlands,NLD,2014,287
Netherlands,NLD,2016,301
Netherlands,NLD,2018,298
Netherlands,NLD,2020,288
Netherlands,NLD,2022,246
Niger,NER,2004,37.63
Niger,NER,2005,39.98
North Macedonia,MKD,2008,3
North Macedonia,MKD,2010,73
North Macedonia,MKD,2012,329
North Macedonia,MKD,2014,20
North Macedonia,MKD,2016,28
North Macedonia,MKD,2018,10
North Macedonia,MKD,2020,202
North Macedonia,MKD,2022,224
Norway,NOR,2004,146
Norway,NOR,2006,261
Norway,NOR,2008,304
Norway,NOR,2010,361
Norway,NOR,2012,271
Norway,NOR,2014,310
Norway,NOR,2016,310
Norway,NOR,2018,308
Norway,NOR,2020,347
Norway,NOR,2022,349
Oman,OMN,2018,24.75
Oman,OMN,2019,117.9
Oman,OMN,2020,44.73
Oman,OMN,2021,152.51
Oman,OMN,2022,65.48
Palestine,PSE,2000,1.6
Palestine,PSE,2003,1.82
Palestine,PSE,2004,1.32
Palestine,PSE,2005,1.6
Palestine,PSE,2006,1.41
Palestine,PSE,2007,2.28
Palestine,PSE,2008,3.12
Palestine,PSE,2009,3.7
Palestine,PSE,2010,1.02
Palestine,PSE,2012,1.08
Palestine,PSE,2014,1.04
Panama,PAN,2000,0.09
Panama,PAN,2001,0.25
Panama,PAN,2002,0.44
Panama,PAN,2003,0.53
Panama,PAN,2004,0.47
Panama,PAN,2005,0.47
Panama,PAN,2006,0.53
Panama,PAN,2007,0.34
Panama,PAN,2008,0.48
Panama,PAN,2009,0.66
Panama,PAN,2010,0.84
Panama,PAN,2011,0.84
Peru,PER,2020,60.95
Peru,PER,2021,62.09
Philippines,PHL,2006,134.08
Philippines,PHL,2007,12.62
Philippines,PHL,2008,1807.51
Philippines,PHL,2009,20.45
Philippines,PHL,2010,14.23
Philippines,PHL,2011,51.69
Philippines,PHL,2012,7.96
Philippines,PHL,2013,90.04
Philippines,PHL,2014,24.66
Philippines,PHL,2015,42.05
Philippines,PHL,2016,14.17
Philippines,PHL,2017,19.66
Philippines,PHL,2018,9.13
Philippines,PHL,2019,43.7
Poland,POL,2004,42
Poland,POL,2006,62
Poland,POL,2008,39
Poland,POL,2010,39
Poland,POL,2012,46
Poland,POL,2014,44
Poland,POL,2016,50
Poland,POL,2018,100
Poland,POL,2020,59
Poland,POL,2022,61
Portugal,PRT,2004,216
Portugal,PRT,2006,576
Portugal,PRT,2008,54
Portugal,PRT,2010,64
Portugal,PRT,2012,70
Portugal,PRT,2014,71
Portugal,PRT,2016,81
Portugal,PRT,2018,108
Portugal,PRT,2020,91
Portugal,PRT,2022,79
Reunion,REU,2000,12.46
Reunion,REU,2006,9.33
Reunion,REU,2007,1.17
Reunion,REU,2008,1.27
Reunion,REU,2009,1.21
Reunion,REU,2010,5.39
Reunion,REU,2011,2.82
Reunion,REU,2012,8.65
Reunion,REU,2013,9.21
Reunion,REU,2014,9.81
Reunion,REU,2015,8.57
Reunion,REU,2016,9.13
Reunion,REU,2017,9.6
Reunion,REU,2018,8.68
Reunion,REU,2019,10.28
Reunion,REU,2020,9.99
Romania,ROU,2004,107
Romania,ROU,2006,50
Romania,ROU,2008,26
Romania,ROU,2010,34
Romania,ROU,2012,34
Romania,ROU,2014,30
Romania,ROU,2016,32
Romania,ROU,2018,38
Romania,ROU,2020,40
Romania,ROU,2022,57
Russia,RUS,2002,1446.79
Russia,RUS,2003,1981.92
Russia,RUS,2004,989.01
Russia,RUS,2005,990.94
Russia,RUS,2006,976.78
Russia,RUS,2007,2009.9
Russia,RUS,2008,858.8
Russia,RUS,2009,985.02
Russia,RUS,2010,798.41
Russia,RUS,2011,838.16
Russia,RUS,2012,791.38
Russia,RUS,2013,810.42
Russia,RUS,2014,861.73
Russia,RUS,2015,760.94
Russia,RUS,2016,677.17
Russia,RUS,2017,740.65
Russia,RUS,2018,876.23
Russia,RUS,2019,690.25
Russia,RUS,2020,673.66
Russia,RUS,2021,812.28
Saint Vincent and the Grenadines,VCT,2002,0
Saudi Arabia,SAU,2016,16.74
Saudi Arabia,SAU,2018,31.21
Saudi Arabia,SAU,2019,34.53
Saudi Arabia,SAU,2020,48.19
Serbia,SRB,2008,1078.33
Serbia,SRB,2009,1304.17
Serbia,SRB,2010,1458.27
Serbia,SRB,2011,1679.09
Serbia,SRB,2012,1903.04
Serbia,SRB,2013,2215.27
Serbia,SRB,2014,1785
Serbia,SRB,2015,2203.77
Serbia,SRB,2016,2441
Serbia,SRB,2018,2199
Serbia,SRB,2020,1645
Serbia,SRB,2022,4444
Seychelles,SYC,2019,0.57
Seychelles,SYC,2020,0.44
Seychelles,SYC,2021,0.61
Singapore,SGP,2000,29.97
Singapore,SGP,2001,49.47
Singapore,SGP,2002,46.45
Singapore,SGP,2003,51.35
Singapore,SGP,2004,65.1
Singapore,SGP,2005,78.03
Singapore,SGP,2006,92.05
Singapore,SGP,2007,105.29
Singapore,SGP,2008,97.55
Singapore,SGP,2009,71.05
Singapore,SGP,2010,84.05
Singapore,SGP,2011,81.91
Singapore,SGP,2012,53.99
Singapore,SGP,2013,60.75
Singapore,SGP,2014,73.81
Singapore,SGP,2015,79.09
Singapore,SGP,2016,83.86
Singapore,SGP,2017,81.79
Singapore,SGP,2018,92.59
Singapore,SGP,2019,76.71
Singapore,SGP,2020,60.77
Slovakia,SVK,2004,79
Slovakia,SVK,2006,99
Slovakia,SVK,2008,98
Slovakia,SVK,2010,77
Slovakia,SVK,2012,68
Slovakia,SVK,2014,69
Slovakia,SVK,2016,91
Slovakia,SVK,2018,83
Slovakia,SVK,2020,80
Slovakia,SVK,2022,91
Slovenia,SVN,2004,54
Slovenia,SVN,2006,58
Slovenia,SVN,2008,76
Slovenia,SVN,2010,57
Slovenia,SVN,2012,65
Slovenia,SVN,2014,75
Slovenia,SVN,2016,60
Slovenia,SVN,2018,62
Slovenia,SVN,2020,63
Slovenia,SVN,2022,63
South Africa,ZAF,2011,25.15
South Africa,ZAF,2017,919.41
Spain,ESP,2004,73
Spain,ESP,2006,91
Spain,ESP,2008,79
Spain,ESP,2010,64
Spain,ESP,2012,67
Spain,ESP,2014,64
Spain,ESP,2016,68
Spain,ESP,2018,69
Spain,ESP,2020,70
Spain,ESP,2022,74
Suriname,SUR,2008,0.01
Suriname,SUR,2009,0.01
Suriname,SUR,2010,0.01
Suriname,SUR,2011,0.01
Suriname,SUR,2012,0.01
Suriname,SUR,2013,0.01
Suriname,SUR,2014,0.01
Suriname,SUR,2015,0.01
Suriname,SUR,2016,0.01
Suriname,SUR,2017,0
Suriname,SUR,2018,0
Suriname,SUR,2019,0
Suriname,SUR,2020,0
Suriname,SUR,2021,0
Sweden,SWE,2004,181
Sweden,SWE,2006,292
Sweden,SWE,2008,224
Sweden,SWE,2010,270
Sweden,SWE,2012,283
Sweden,SWE,2014,265
Sweden,SWE,2016,240
Sweden,SWE,2018,283
Sweden,SWE,2020,768
Sweden,SWE,2022,684
Syria,SYR,2003,0
Tanzania,TZA,2000,0
Tanzania,TZA,2001,0
Tanzania,TZA,2002,0
Tanzania,TZA,2003,0
Tanzania,TZA,2004,0
Tanzania,TZA,2005,0
Tanzania,TZA,2006,0
Tanzania,TZA,2007,0
Tanzania,TZA,2008,0
Tanzania,TZA,2009,0
Tanzania,TZA,2010,0
Tanzania,TZA,2011,0
Tanzania,TZA,2012,0
Tanzania,TZA,2013,0
Tanzania,TZA,2014,0
Tanzania,TZA,2015,0
Tanzania,TZA,2017,0
Tanzania,TZA,2018,0
Tanzania,TZA,2019,0
Tanzania,TZA,2020,0
Tanzania,TZA,2021,0
Thailand,THA,2000,26.15
Thailand,THA,2001,26.36
Thailand,THA,2002,27.58
Thailand,THA,2003,27.79
Thailand,THA,2004,27.68
Thailand,THA,2005,27.55
Thailand,THA,2006,27.63
Thailand,THA,2007,27.67
Thailand,THA,2008,46.56
Thailand,THA,2009,45.25
Thailand,THA,2010,46.29
Thailand,THA,2011,49.48
Thailand,THA,2012,68.11
Thailand,THA,2013,47.47
Thailand,THA,2014,38.49
Thailand,THA,2015,49.01
Thailand,THA,2016,49.03
Thailand,THA,2017,37.05
Thailand,THA,2018,26.62
Thailand,THA,2019,28.63
Thailand,THA,2020,27.79
Thailand,THA,2021,31.56
Togo,TGO,2007,0.31
Togo,TGO,2013,0.16
Trinidad and Tobago,TTO,2003,8.46
Trinidad and Tobago,TTO,2004,22.86
Trinidad and Tobago,TTO,2005,23.28
Trinidad and Tobago,TTO,2006,22.92
Trinidad and Tobago,TTO,2007,25.67
Trinidad and Tobago,TTO,2008,30.08
Trinidad and Tobago,TTO,2013,86.39
Trinidad and Tobago,TTO,2014,85.26
Trinidad and Tobago,TTO,2015,84.86
Tunisia,TUN,2001,15.11
Tunisia,TUN,2002,14.88
Turkey,TUR,2004,15
Turkey,TUR,2006,0
Turkey,TUR,2008,14
Turkey,TUR,2010,44
Turkey,TUR,2012,53
Turkey,TUR,2014,44
Turkey,TUR,2016,70
Turkey,TUR,2018,183
Turkey,TUR,2020,368
Turkey,TUR,2022,318
Ukraine,UKR,2000,53.46
Ukraine,UKR,2001,52.53
Ukraine,UKR,2002,36.03
Ukraine,UKR,2003,51.19
Ukraine,UKR,2004,51.21
Ukraine,UKR,2005,51.41
Ukraine,UKR,2006,50.89
Ukraine,UKR,2007,55.82
Ukraine,UKR,2008,49.96
Ukraine,UKR,2009,26.83
Ukraine,UKR,2010,36.34
Ukraine,UKR,2011,31.52
Ukraine,UKR,2012,30.13
Ukraine,UKR,2013,20.39
Ukraine,UKR,2014,16.38
Ukraine,UKR,2015,13.06
Ukraine,UKR,2016,13.85
Ukraine,UKR,2017,13.55
Ukraine,UKR,2018,14.12
Ukraine,UKR,2019,12.51
United Arab Emirates,ARE,2010,40.17
United Arab Emirates,ARE,2011,43.18
United Arab Emirates,ARE,2012,42.59
United Arab Emirates,ARE,2013,42.71
United Arab Emirates,ARE,2014,49.37
United Arab Emirates,ARE,2015,46.66
United Arab Emirates,ARE,2016,40.98
United Arab Emirates,ARE,2017,56.31
United Arab Emirates,ARE,2018,66.84
United Arab Emirates,ARE,2019,75.7
United Arab Emirates,ARE,2020,44.8
Uzbekistan,UZB,2014,1.26
Uzbekistan,UZB,2015,1.27
Uzbekistan,UZB,2016,1.36
Uzbekistan,UZB,2017,2.64
Uzbekistan,UZB,2018,2.91
Uzbekistan,UZB,2019,2.75
Uzbekistan,UZB,2020,2.77
Uzbekistan,UZB,2021,2.75