Entity,Code,Year,Municipal waste recycled (Tonnes)
Algeria,DZA,2014,481681
Algeria,DZA,2020,1055323.8
Andorra,AND,2000,0
Andorra,AND,2001,0
Andorra,AND,2002,0
Andorra,AND,2003,0
Andorra,AND,2004,0
Andorra,AND,2005,0
Andorra,AND,2006,0
Andorra,AND,2007,0
Andorra,AND,2008,0
Andorra,AND,2009,0
Andorra,AND,2010,0
Andorra,AND,2011,0
Andorra,AND,2012,0
Andorra,AND,2013,0
Andorra,AND,2014,0
Andorra,AND,2015,0
Andorra,AND,2016,0
Andorra,AND,2017,0
Andorra,AND,2018,0
Andorra,AND,2019,0
Andorra,AND,2020,0
Andorra,AND,2021,0
Anguilla,AIA,2001,0
Anguilla,AIA,2002,0
Anguilla,AIA,2003,0
Anguilla,AIA,2004,0
Anguilla,AIA,2005,0
Anguilla,AIA,2006,0
Anguilla,AIA,2007,0
Anguilla,AIA,2008,0
Argentina,ARG,2005,739500
Argentina,ARG,2010,821640
Argentina,ARG,2019,1131781.5
Argentina,ARG,2020,1142813.8
Argentina,ARG,2021,1153693.2
Australia,AUS,2003,2701000
Australia,AUS,2007,4004599
Australia,AUS,2008,4019500
Australia,AUS,2009,4312511
Australia,AUS,2010,4381199
Australia,AUS,2011,4532209
Australia,AUS,2012,4313666.5
Australia,AUS,2013,4234333.5
Australia,AUS,2014,4188907
Australia,AUS,2015,4143517
Australia,AUS,2016,3502336
Australia,AUS,2017,3094730
Australia,AUS,2018,2830496
Australia,AUS,2019,2820775
Australia,AUS,2020,2282176
Australia,AUS,2021,2422972
Austria,AUT,2000,2947000
Austria,AUT,2001,2980000
Austria,AUT,2002,3070000
Austria,AUT,2003,3165000
Austria,AUT,2004,2688000
Austria,AUT,2005,2757000
Austria,AUT,2006,2920000
Austria,AUT,2007,2979000
Austria,AUT,2008,3159000
Austria,AUT,2009,3045000
Austria,AUT,2010,2792000
Austria,AUT,2011,2724000
Austria,AUT,2012,2818000
Austria,AUT,2013,2829000
Austria,AUT,2014,2723000
Austria,AUT,2015,2752000
Austria,AUT,2016,2838000
Austria,AUT,2017,2898000
Austria,AUT,2018,2952000
Austria,AUT,2019,3040000
Austria,AUT,2020,4632000
Austria,AUT,2021,4670000
Austria,AUT,2022,4544000
Azerbaijan,AZE,2004,0
Azerbaijan,AZE,2005,0
Azerbaijan,AZE,2006,0
Azerbaijan,AZE,2007,0
Azerbaijan,AZE,2008,0
Azerbaijan,AZE,2009,0
Azerbaijan,AZE,2010,0
Azerbaijan,AZE,2011,0
Azerbaijan,AZE,2012,0
Azerbaijan,AZE,2013,0
Azerbaijan,AZE,2014,0
Azerbaijan,AZE,2015,0
Azerbaijan,AZE,2016,0
Azerbaijan,AZE,2017,0
Azerbaijan,AZE,2018,0
Azerbaijan,AZE,2019,0
Azerbaijan,AZE,2020,0
Azerbaijan,AZE,2021,0
Bahrain,BHR,2017,18.8
Bahrain,BHR,2018,45.5
Bahrain,BHR,2019,231336.9
Bahrain,BHR,2020,341770.1
Bahrain,BHR,2021,560136.5
Bangladesh,BGD,2005,401440
Bangladesh,BGD,2009,567500
Bangladesh,BGD,2014,726260
Bangladesh,BGD,2019,32480
Bangladesh,BGD,2020,33060
Bangladesh,BGD,2021,33550
Barbados,BRB,2011,52546
Barbados,BRB,2012,138127.9
Barbados,BRB,2013,185949
Barbados,BRB,2014,52990.7
Barbados,BRB,2015,28652.2
Barbados,BRB,2016,21602.4
Barbados,BRB,2017,13764.8
Barbados,BRB,2018,23328.6
Barbados,BRB,2019,99959.8
Barbados,BRB,2020,66310.7
Barbados,BRB,2021,84068.2
Belarus,BLR,2006,31700
Belarus,BLR,2007,39400
Belarus,BLR,2008,172900
Belarus,BLR,2009,288200
Belarus,BLR,2010,328400
Belarus,BLR,2011,344900
Belarus,BLR,2012,372800
Belarus,BLR,2013,441800
Belarus,BLR,2014,539800
Belarus,BLR,2015,582600
Belarus,BLR,2016,599500
Belarus,BLR,2017,653800
Belarus,BLR,2018,714300
Belarus,BLR,2019,784700
Belarus,BLR,2020,1018700
Belarus,BLR,2021,1233000
Belgium,BEL,2000,2400000
Belgium,BEL,2001,2421000
Belgium,BEL,2002,2566000
Belgium,BEL,2003,2553000
Belgium,BEL,2004,2708000
Belgium,BEL,2005,2810000
Belgium,BEL,2006,2872000
Belgium,BEL,2007,2977000
Belgium,BEL,2008,2707000
Belgium,BEL,2009,2719000
Belgium,BEL,2010,2726000
Belgium,BEL,2011,2732000
Belgium,BEL,2012,2638000
Belgium,BEL,2013,2570000
Belgium,BEL,2014,2560000
Belgium,BEL,2015,2484000
Belgium,BEL,2016,2541000
Belgium,BEL,2017,2517000
Belgium,BEL,2018,2542000
Belgium,BEL,2019,2613000
Belgium,BEL,2020,4318000
Belgium,BEL,2021,4861000
Belgium,BEL,2022,4409000
Benin,BEN,2021,51.9
Benin,BEN,2022,617.6
Bermuda,BMU,2010,1580
Bermuda,BMU,2011,1600
Bermuda,BMU,2012,1600
Bermuda,BMU,2013,1600
Bermuda,BMU,2014,1600
Bermuda,BMU,2015,1600
Bermuda,BMU,2016,1600
Bermuda,BMU,2017,1000
Bermuda,BMU,2018,1500
Bermuda,BMU,2019,400
Bhutan,BTN,2012,7507.74
Bhutan,BTN,2017,6199.2
Bosnia and Herzegovina,BIH,2008,0
Bosnia and Herzegovina,BIH,2009,0
Bosnia and Herzegovina,BIH,2010,0
Bosnia and Herzegovina,BIH,2011,0
Bosnia and Herzegovina,BIH,2012,0
Bosnia and Herzegovina,BIH,2013,0
Bosnia and Herzegovina,BIH,2014,0
Bosnia and Herzegovina,BIH,2015,0
Bosnia and Herzegovina,BIH,2016,0
Bosnia and Herzegovina,BIH,2017,0
Botswana,BWA,2013,1083
Botswana,BWA,2015,999
Botswana,BWA,2017,1508.08
Brazil,BRA,2004,220706.7
Brazil,BRA,2005,320501.3
Brazil,BRA,2006,206540.5
Brazil,BRA,2007,273076.6
Brazil,BRA,2008,2400817.5
Brazil,BRA,2009,3535823
Brazil,BRA,2010,1185839.8
Brazil,BRA,2011,486543.7
Brazil,BRA,2012,518325.3
Brazil,BRA,2013,775562.8
Brazil,BRA,2014,937283
Brazil,BRA,2015,1023469.94
British Virgin Islands,VGB,2000,0
British Virgin Islands,VGB,2001,0
British Virgin Islands,VGB,2002,0
British Virgin Islands,VGB,2003,0
British Virgin Islands,VGB,2004,0
British Virgin Islands,VGB,2005,0
Bulgaria,BGR,2000,775000
Bulgaria,BGR,2001,770000
Bulgaria,BGR,2002,770000
Bulgaria,BGR,2003,774000
Bulgaria,BGR,2004,793000
Bulgaria,BGR,2005,822000
Bulgaria,BGR,2006,839000
Bulgaria,BGR,2007,858000
Bulgaria,BGR,2008,871000
Bulgaria,BGR,2009,887000
Bulgaria,BGR,2010,1003000
Bulgaria,BGR,2011,979000
Bulgaria,BGR,2012,841000
Bulgaria,BGR,2013,894000
Bulgaria,BGR,2014,736000
Bulgaria,BGR,2015,884000
Bulgaria,BGR,2016,917000
Bulgaria,BGR,2017,1065000
Bulgaria,BGR,2018,901000
Bulgaria,BGR,2019,1065000
Bulgaria,BGR,2020,997000
Bulgaria,BGR,2021,861000
Bulgaria,BGR,2022,777000
Cameroon,CMR,2006,26871
Cameroon,CMR,2007,40181
Cameroon,CMR,2008,19859
Cameroon,CMR,2009,26514
Canada,CAN,2000,5158750
Canada,CAN,2002,5330760
Canada,CAN,2004,5593130
Canada,CAN,2006,5720570
Canada,CAN,2008,5978280
Canada,CAN,2010,5883635
Canada,CAN,2012,6011315
Canada,CAN,2014,6388303
Canada,CAN,2016,6679466
Canada,CAN,2018,6672269
Canada,CAN,2020,6750252
Cape Verde,CPV,2012,0
Cape Verde,CPV,2013,0
Cape Verde,CPV,2015,0
Chile,CHL,2014,8770
Chile,CHL,2015,22670
Chile,CHL,2016,23170
Chile,CHL,2017,109650
Chile,CHL,2018,36520
Colombia,COL,2012,1570971.9
Colombia,COL,2013,1692718.8
Colombia,COL,2014,2190859.8
Colombia,COL,2015,2095360.4
Colombia,COL,2016,1902749.1
Costa Rica,CRI,2015,17600
Costa Rica,CRI,2016,40000
Costa Rica,CRI,2017,100200
Costa Rica,CRI,2018,53500
Costa Rica,CRI,2019,39800
Costa Rica,CRI,2020,45510
Costa Rica,CRI,2021,63900
Costa Rica,CRI,2022,76000
Croatia,HRV,2004,0
Croatia,HRV,2005,0
Croatia,HRV,2006,0
Croatia,HRV,2007,55000
Croatia,HRV,2008,49000
Croatia,HRV,2009,41000
Croatia,HRV,2010,67000
Croatia,HRV,2011,137000
Croatia,HRV,2012,245000
Croatia,HRV,2013,257000
Croatia,HRV,2014,269000
Croatia,HRV,2015,298000
Croatia,HRV,2016,353000
Croatia,HRV,2017,405000
Croatia,HRV,2018,447000
Croatia,HRV,2019,547000
Croatia,HRV,2020,499000
Croatia,HRV,2021,555000
Croatia,HRV,2022,631000
Cuba,CUB,2002,273400
Cuba,CUB,2003,234900
Cuba,CUB,2004,258000
Cuba,CUB,2005,212000
Cuba,CUB,2006,297700
Cuba,CUB,2007,311200
Cuba,CUB,2008,338100
Cuba,CUB,2009,208000
Cuba,CUB,2010,203560
Cuba,CUB,2011,198900
Cuba,CUB,2012,197800
Cuba,CUB,2013,189500
Cuba,CUB,2014,176700
Cuba,CUB,2015,177200
Cuba,CUB,2016,364400
Cuba,CUB,2017,323500
Cuba,CUB,2018,291100
Cuba,CUB,2019,195800
Cuba,CUB,2020,295300
Curacao,CUW,2010,18468
Curacao,CUW,2011,14728
Curacao,CUW,2012,29797
Curacao,CUW,2013,11729
Curacao,CUW,2014,53110
Curacao,CUW,2015,80357
Curacao,CUW,2016,21137
Curacao,CUW,2017,14193
Cyprus,CYP,2000,13000
Cyprus,CYP,2001,14000
Cyprus,CYP,2002,15000
Cyprus,CYP,2003,15000
Cyprus,CYP,2004,16000
Cyprus,CYP,2005,19000
Cyprus,CYP,2006,23000
Cyprus,CYP,2007,28000
Cyprus,CYP,2008,43000
Cyprus,CYP,2009,49000
Cyprus,CYP,2010,66000
Cyprus,CYP,2011,66000
Cyprus,CYP,2012,75000
Cyprus,CYP,2013,76000
Cyprus,CYP,2014,78000
Cyprus,CYP,2015,90000
Cyprus,CYP,2016,90000
Cyprus,CYP,2017,91000
Cyprus,CYP,2018,97000
Cyprus,CYP,2019,99000
Cyprus,CYP,2020,95000
Cyprus,CYP,2021,82000
Cyprus,CYP,2022,91000
Czechia,CZE,2000,30000
Czechia,CZE,2001,24000
Czechia,CZE,2002,26000
Czechia,CZE,2003,26000
Czechia,CZE,2004,155000
Czechia,CZE,2005,182000
Czechia,CZE,2006,224000
Czechia,CZE,2007,307000
Czechia,CZE,2008,330000
Czechia,CZE,2009,409000
Czechia,CZE,2010,527000
Czechia,CZE,2011,569000
Czechia,CZE,2012,750000
Czechia,CZE,2013,782000
Czechia,CZE,2014,829000
Czechia,CZE,2015,992000
Czechia,CZE,2016,1202000
Czechia,CZE,2017,1660000
Czechia,CZE,2018,1691000
Czechia,CZE,2019,1777000
Czechia,CZE,2020,2354000
Czechia,CZE,2021,2597000
Denmark,DNK,2000,1315000
Denmark,DNK,2001,1270000
Denmark,DNK,2002,1342000
Denmark,DNK,2003,1479000
Denmark,DNK,2004,1542000
Denmark,DNK,2005,1637000
Denmark,DNK,2006,1680000
Denmark,DNK,2007,1906000
Denmark,DNK,2008,2186000
Denmark,DNK,2009,2051000
Denmark,DNK,2011,2036000
Denmark,DNK,2012,1914000
Denmark,DNK,2013,1975000
Denmark,DNK,2014,2069000
Denmark,DNK,2015,2214000
Denmark,DNK,2016,2300000
Denmark,DNK,2017,2251000
Denmark,DNK,2018,2352000
Denmark,DNK,2019,2528000
Denmark,DNK,2020,2135000
Denmark,DNK,2021,2592000
Denmark,DNK,2022,2162000
Dominica,DMA,2006,250
Dominica,DMA,2007,250
Dominica,DMA,2008,250
Dominica,DMA,2009,250
Dominica,DMA,2010,750
Dominica,DMA,2011,750
Dominica,DMA,2012,750
Dominica,DMA,2013,1000
Dominica,DMA,2014,1000
Dominica,DMA,2015,1000
Dominica,DMA,2016,1000
Ecuador,ECU,2011,42622
Ecuador,ECU,2012,49077
Egypt,EGY,2003,3103230
Egypt,EGY,2009,1976000
Egypt,EGY,2010,2004000
Egypt,EGY,2012,1995000
Estonia,EST,2000,14000
Estonia,EST,2001,26000
Estonia,EST,2002,15000
Estonia,EST,2003,85000
Estonia,EST,2004,150000
Estonia,EST,2005,133000
Estonia,EST,2006,93000
Estonia,EST,2007,139000
Estonia,EST,2008,106000
Estonia,EST,2009,95000
Estonia,EST,2010,73000
Estonia,EST,2011,93000
Estonia,EST,2012,71000
Estonia,EST,2013,68000
Estonia,EST,2014,146000
Estonia,EST,2015,134000
Estonia,EST,2016,138000
Estonia,EST,2017,145000
Estonia,EST,2018,150000
Estonia,EST,2019,151000
Estonia,EST,2020,147000
Estonia,EST,2021,159000
Estonia,EST,2022,167000
Finland,FIN,2000,874000
Finland,FIN,2001,811000
Finland,FIN,2002,801000
Finland,FIN,2003,816000
Finland,FIN,2004,825000
Finland,FIN,2005,842000
Finland,FIN,2006,874000
Finland,FIN,2007,953000
Finland,FIN,2008,949000
Finland,FIN,2009,920000
Finland,FIN,2010,827000
Finland,FIN,2011,947000
Finland,FIN,2012,912000
Finland,FIN,2013,872000
Finland,FIN,2014,856000
Finland,FIN,2015,1111000
Finland,FIN,2016,1164000
Finland,FIN,2017,1140000
Finland,FIN,2018,1286000
Finland,FIN,2019,1357000
Finland,FIN,2020,1419000
Finland,FIN,2021,1361000
Finland,FIN,2022,1266000
France,FRA,2000,7666000
France,FRA,2001,8404000
France,FRA,2002,8923000
France,FRA,2003,8794000
France,FRA,2004,9393000
France,FRA,2005,9674000
France,FRA,2006,10418000
France,FRA,2007,11163000
France,FRA,2008,11657000
France,FRA,2009,12150000
France,FRA,2010,12473000
France,FRA,2011,12794000
France,FRA,2012,13012000
France,FRA,2013,13230000
France,FRA,2014,13612000
France,FRA,2015,13994000
France,FRA,2016,14661000
France,FRA,2017,15005000
France,FRA,2018,15227000
France,FRA,2019,15354000
France,FRA,2020,15178000
France,FRA,2021,16746000
France,FRA,2022,15020000
French Guiana,GUF,2004,0
French Guiana,GUF,2005,0
French Guiana,GUF,2006,0
French Guiana,GUF,2007,0
French Guiana,GUF,2008,0
French Guiana,GUF,2009,836
French Guiana,GUF,2010,1317
French Guiana,GUF,2011,1798
French Guiana,GUF,2012,1790.5
French Guiana,GUF,2013,1783
French Guiana,GUF,2014,4467.5
French Guiana,GUF,2015,7152
French Guiana,GUF,2016,6845
French Guiana,GUF,2017,6538
French Guiana,GUF,2018,5475.5
French Guiana,GUF,2019,4413
French Polynesia,PYF,2011,9634
French Polynesia,PYF,2012,5468.5
French Polynesia,PYF,2013,1303
French Polynesia,PYF,2014,776.5
French Polynesia,PYF,2015,250
Germany,DEU,2000,27732000
Germany,DEU,2001,27236000
Germany,DEU,2002,29590000
Germany,DEU,2003,28676000
Germany,DEU,2004,27339000
Germany,DEU,2005,28367000
Germany,DEU,2006,28826000
Germany,DEU,2007,30264000
Germany,DEU,2008,30834000
Germany,DEU,2009,30592000
Germany,DEU,2010,30774000
Germany,DEU,2011,31633000
Germany,DEU,2012,32460000
Germany,DEU,2013,31630000
Germany,DEU,2014,33544000
Germany,DEU,2015,34453000
Germany,DEU,2016,34958000
Germany,DEU,2017,34784000
Germany,DEU,2018,33723000
Germany,DEU,2019,33735000
Germany,DEU,2020,37467000
Germany,DEU,2021,37519000
Germany,DEU,2022,35167000
Ghana,GHA,2000,33133.96
Ghana,GHA,2001,34595.72
Ghana,GHA,2002,54168.39
Ghana,GHA,2003,55630.94
Ghana,GHA,2004,58054.47
Ghana,GHA,2005,68139.37
Ghana,GHA,2006,71072.55
Ghana,GHA,2007,77483.3
Ghana,GHA,2008,84188.41
Ghana,GHA,2009,90014.71
Ghana,GHA,2010,99392.2
Ghana,GHA,2011,169795
Ghana,GHA,2012,174039.88
Ghana,GHA,2013,178390.88
Ghana,GHA,2014,182850.64
Ghana,GHA,2015,195751.77
Ghana,GHA,2016,200645.56
Ghana,GHA,2017,205661.7
Greece,GRC,2000,391000
Greece,GRC,2001,402000
Greece,GRC,2002,407000
Greece,GRC,2003,382000
Greece,GRC,2004,483000
Greece,GRC,2005,573000
Greece,GRC,2006,632000
Greece,GRC,2007,1002000
Greece,GRC,2008,897000
Greece,GRC,2009,973000
Greece,GRC,2010,1014000
Greece,GRC,2011,992000
Greece,GRC,2012,927000
Greece,GRC,2013,834000
Greece,GRC,2014,820000
Greece,GRC,2015,833000
Greece,GRC,2016,925000
Greece,GRC,2017,1022000
Greece,GRC,2018,1110000
Greece,GRC,2019,1180000
Greece,GRC,2020,963000
Greece,GRC,2021,941000
Guadeloupe,GLP,2004,706
Guadeloupe,GLP,2005,353
Guadeloupe,GLP,2006,0
Guadeloupe,GLP,2007,5000
Guadeloupe,GLP,2008,10000
Guadeloupe,GLP,2009,7779
Guadeloupe,GLP,2010,6271
Guadeloupe,GLP,2011,4763
Guadeloupe,GLP,2012,6652
Guadeloupe,GLP,2013,8541
Guadeloupe,GLP,2014,10493
Guadeloupe,GLP,2015,12445
Guadeloupe,GLP,2016,12372.5
Guadeloupe,GLP,2017,12300
Guadeloupe,GLP,2018,13474.5
Guadeloupe,GLP,2019,14649
Guatemala,GTM,2001,12600
Guatemala,GTM,2002,11900
Guatemala,GTM,2003,10800
Guatemala,GTM,2004,13800
Guatemala,GTM,2005,13200
Guatemala,GTM,2006,15400
Hong Kong,HKG,2000,1758000
Hong Kong,HKG,2001,1938000
Hong Kong,HKG,2002,1959000
Hong Kong,HKG,2003,2377000
Hong Kong,HKG,2004,2305000
Hong Kong,HKG,2005,2594000
Hong Kong,HKG,2006,2841000
Hong Kong,HKG,2007,2811000
Hong Kong,HKG,2008,3143000
Hong Kong,HKG,2009,3181000
Hong Kong,HKG,2010,3603000
Hong Kong,HKG,2011,3019000
Hong Kong,HKG,2012,2163000
Hong Kong,HKG,2013,2009000
Hong Kong,HKG,2014,2053000
Hong Kong,HKG,2015,2033000
Hong Kong,HKG,2016,1912000
Hong Kong,HKG,2017,1831000
Hong Kong,HKG,2018,1778000
Hong Kong,HKG,2019,1639000
Hungary,HUN,2000,73000
Hungary,HUN,2001,74000
Hungary,HUN,2002,114000
Hungary,HUN,2003,164000
Hungary,HUN,2004,540000
Hungary,HUN,2005,444000
Hungary,HUN,2006,490000
Hungary,HUN,2007,554000
Hungary,HUN,2008,692000
Hungary,HUN,2009,666000
Hungary,HUN,2010,789000
Hungary,HUN,2011,838000
Hungary,HUN,2012,1015000
Hungary,HUN,2013,987000
Hungary,HUN,2014,1159000
Hungary,HUN,2015,1194000
Hungary,HUN,2016,1292000
Hungary,HUN,2017,1319000
Hungary,HUN,2018,1394000
Hungary,HUN,2019,1358000
Hungary,HUN,2020,1257000
Hungary,HUN,2021,1411000
Hungary,HUN,2022,1283000
Iceland,ISL,2000,20000
Iceland,ISL,2001,21000
Iceland,ISL,2002,22000
Iceland,ISL,2003,23000
Iceland,ISL,2008,40000
Iceland,ISL,2009,27000
Iceland,ISL,2010,32000
Iceland,ISL,2011,40000
Iceland,ISL,2012,46000
Iceland,ISL,2013,50000
Iceland,ISL,2014,52000
Iceland,ISL,2015,55000
Iceland,ISL,2016,73000
Iceland,ISL,2017,58000
Iceland,ISL,2018,68000
Iceland,ISL,2020,59000
Iceland,ISL,2021,65000
Iceland,ISL,2022,53000
Ireland,IRL,2000,271000
Ireland,IRL,2001,306000
Ireland,IRL,2002,497000
Ireland,IRL,2003,690000
Ireland,IRL,2004,885000
Ireland,IRL,2005,946000
Ireland,IRL,2006,1119000
Ireland,IRL,2007,1160000
Ireland,IRL,2008,1084000
Ireland,IRL,2009,990000
Ireland,IRL,2010,1017000
Ireland,IRL,2011,1018000
Ireland,IRL,2012,985000
Ireland,IRL,2014,1043000
Ireland,IRL,2016,1125000
Ireland,IRL,2017,1118000
Ireland,IRL,2018,1097000
Ireland,IRL,2019,1153000
Ireland,IRL,2020,1310000
Israel,ISR,2004,470447.66
Israel,ISR,2005,457440.38
Israel,ISR,2006,512037.47
Israel,ISR,2007,496678.5
Israel,ISR,2008,552619.6
Israel,ISR,2013,353621
Israel,ISR,2014,379852
Israel,ISR,2015,368307
Israel,ISR,2016,368982
Israel,ISR,2017,393589
Israel,ISR,2018,389111.66
Israel,ISR,2019,394005.34
Israel,ISR,2020,391779.56
Israel,ISR,2021,436692.5
Israel,ISR,2022,443353.3
Italy,ITA,2000,4125000
Italy,ITA,2001,5240000
Italy,ITA,2002,4423000
Italy,ITA,2003,4904000
Italy,ITA,2004,5467000
Italy,ITA,2005,5868000
Italy,ITA,2006,6246000
Italy,ITA,2007,8135000
Italy,ITA,2008,7737000
Italy,ITA,2009,9532000
Italy,ITA,2010,10050000
Italy,ITA,2011,11129000
Italy,ITA,2012,11516000
Italy,ITA,2013,11654000
Italy,ITA,2014,12337000
Italy,ITA,2015,13067000
Italy,ITA,2016,13814000
Italy,ITA,2017,14121000
Italy,ITA,2018,15009000
Italy,ITA,2019,15435000
Italy,ITA,2020,14872000
Italy,ITA,2021,15174000
Italy,ITA,2022,15281000
Japan,JPN,2000,7860000
Japan,JPN,2001,8247000
Japan,JPN,2002,8638000
Japan,JPN,2003,9157000
Japan,JPN,2004,9400000
Japan,JPN,2005,10026000
Japan,JPN,2006,10204000
Japan,JPN,2007,10304000
Japan,JPN,2008,9776000
Japan,JPN,2009,9502000
Japan,JPN,2010,9446000
Japan,JPN,2011,9156000
Japan,JPN,2012,9127000
Japan,JPN,2013,9117000
Japan,JPN,2014,8972000
Japan,JPN,2015,8843000
Japan,JPN,2016,8619000
Japan,JPN,2017,8495000
Japan,JPN,2018,8360000
Japan,JPN,2019,8236000
Japan,JPN,2020,8155000
Japan,JPN,2021,8039000
Kazakhstan,KAZ,2005,8500
Kazakhstan,KAZ,2006,13400
Kazakhstan,KAZ,2007,22300
Kazakhstan,KAZ,2008,101300
Kazakhstan,KAZ,2009,151200
Kazakhstan,KAZ,2010,71100
Kazakhstan,KAZ,2011,64300
Kazakhstan,KAZ,2012,136500
Kazakhstan,KAZ,2013,16000
Kazakhstan,KAZ,2014,383000
Kazakhstan,KAZ,2015,372500
Kazakhstan,KAZ,2016,346100
Kazakhstan,KAZ,2017,442700
Kazakhstan,KAZ,2018,427100
Kazakhstan,KAZ,2019,408700
Kazakhstan,KAZ,2020,822500
Kazakhstan,KAZ,2021,636600
Kuwait,KWT,2004,7000
Kuwait,KWT,2005,314000
Kuwait,KWT,2006,1075000
Kuwait,KWT,2007,2648000
Kuwait,KWT,2008,2668000
Kuwait,KWT,2009,2286000
Kuwait,KWT,2010,2504000
Kuwait,KWT,2011,2260000
Kuwait,KWT,2012,2569000
Kuwait,KWT,2013,2030000
Kuwait,KWT,2014,992000
Kuwait,KWT,2015,1778852
Kuwait,KWT,2016,1518061
Kuwait,KWT,2017,1341884
Kuwait,KWT,2018,1418001
Kuwait,KWT,2019,3744424
Kuwait,KWT,2020,2440000
Kuwait,KWT,2021,1786000
Latvia,LVA,2000,0
Latvia,LVA,2001,3000
Latvia,LVA,2002,3000
Latvia,LVA,2003,16000
Latvia,LVA,2004,32000
Latvia,LVA,2005,28000
Latvia,LVA,2006,34000
Latvia,LVA,2007,43000
Latvia,LVA,2008,48000
Latvia,LVA,2009,58000
Latvia,LVA,2010,64000
Latvia,LVA,2011,70000
Latvia,LVA,2012,96000
Latvia,LVA,2013,182000
Latvia,LVA,2014,196000
Latvia,LVA,2015,229000
Latvia,LVA,2016,202000
Latvia,LVA,2017,198000
Latvia,LVA,2018,198000
Latvia,LVA,2019,344000
Latvia,LVA,2020,361000
Latvia,LVA,2021,383000
Latvia,LVA,2022,443000
Lebanon,LBN,2001,48000
Lebanon,LBN,2004,111000
Lebanon,LBN,2009,133000
Lebanon,LBN,2012,155000
Liechtenstein,LIE,2000,0
Liechtenstein,LIE,2001,0
Liechtenstein,LIE,2002,0
Liechtenstein,LIE,2003,0
Liechtenstein,LIE,2004,0
Liechtenstein,LIE,2005,0
Liechtenstein,LIE,2006,0
Liechtenstein,LIE,2007,0
Liechtenstein,LIE,2008,0
Liechtenstein,LIE,2009,0
Liechtenstein,LIE,2010,0
Liechtenstein,LIE,2011,0
Liechtenstein,LIE,2012,0
Liechtenstein,LIE,2013,0
Liechtenstein,LIE,2014,0
Liechtenstein,LIE,2015,0
Liechtenstein,LIE,2016,0
Liechtenstein,LIE,2017,0
Liechtenstein,LIE,2018,0
Liechtenstein,LIE,2019,0
Liechtenstein,LIE,2020,0
Liechtenstein,LIE,2021,0
Lithuania,LTU,2000,0
Lithuania,LTU,2001,0
Lithuania,LTU,2002,0
Lithuania,LTU,2003,0
Lithuania,LTU,2004,24000
Lithuania,LTU,2005,24000
Lithuania,LTU,2006,25000
Lithuania,LTU,2007,102000
Lithuania,LTU,2008,115000
Lithuania,LTU,2009,103000
Lithuania,LTU,2010,62000
Lithuania,LTU,2011,268000
Lithuania,LTU,2012,312000
Lithuania,LTU,2013,356000
Lithuania,LTU,2014,387000
Lithuania,LTU,2015,431000
Lithuania,LTU,2016,611000
Lithuania,LTU,2017,619000
Lithuania,LTU,2018,684000
Lithuania,LTU,2019,655000
Lithuania,LTU,2020,611000
Lithuania,LTU,2021,596000
Lithuania,LTU,2022,637000
Luxembourg,LUX,2000,102000
Luxembourg,LUX,2001,107000
Luxembourg,LUX,2002,112000
Luxembourg,LUX,2003,129000
Luxembourg,LUX,2004,129000
Luxembourg,LUX,2005,136000
Luxembourg,LUX,2006,141000
Luxembourg,LUX,2007,150000
Luxembourg,LUX,2008,156000
Luxembourg,LUX,2009,157000
Luxembourg,LUX,2010,160000
Luxembourg,LUX,2011,160000
Luxembourg,LUX,2012,164000
Luxembourg,LUX,2013,155000
Luxembourg,LUX,2014,166000
Luxembourg,LUX,2015,164000
Luxembourg,LUX,2016,233000
Luxembourg,LUX,2017,233000
Luxembourg,LUX,2018,239000
Luxembourg,LUX,2019,240000
Luxembourg,LUX,2020,263000
Luxembourg,LUX,2021,281000
Luxembourg,LUX,2022,257000
Macao,MAC,2000,40
Macao,MAC,2001,60
Macao,MAC,2002,60
Macao,MAC,2003,60
Macao,MAC,2004,60
Macao,MAC,2005,50
Macao,MAC,2006,90
Macao,MAC,2007,120
Macao,MAC,2008,340
Macao,MAC,2009,300
Macao,MAC,2010,340
Macao,MAC,2011,540
Macao,MAC,2012,1040
Macao,MAC,2013,1580
Macao,MAC,2014,4360
Macao,MAC,2015,4250
Macao,MAC,2016,4360
Macao,MAC,2017,4020
Macao,MAC,2018,5920
Macao,MAC,2019,5460
Macao,MAC,2020,7170
Macao,MAC,2021,12340
Madagascar,MDG,2004,0
Madagascar,MDG,2007,0
Malaysia,MYS,2000,318861.9
Malaysia,MYS,2001,336325.3
Malaysia,MYS,2002,354745
Malaysia,MYS,2003,374173.6
Malaysia,MYS,2004,394666.2
Malaysia,MYS,2005,416281.1
Malaysia,MYS,2006,439079.8
Malaysia,MYS,2007,463127.2
Malaysia,MYS,2008,488491.6
Malaysia,MYS,2009,515245.1
Malaysia,MYS,2010,543463.9
Malaysia,MYS,2011,573228.1
Malaysia,MYS,2012,1323240
Malaysia,MYS,2013,1580590
Malaysia,MYS,2014,1649074.5
Malaysia,MYS,2015,2048168.2
Malaysia,MYS,2016,2369781
Malaysia,MYS,2017,2865071
Malaysia,MYS,2018,3362328
Malaysia,MYS,2019,3880732.2
Malaysia,MYS,2020,4385390
Malta,MLT,2000,20000
Malta,MLT,2001,19000
Malta,MLT,2002,10000
Malta,MLT,2003,15000
Malta,MLT,2004,16000
Malta,MLT,2005,23000
Malta,MLT,2006,37000
Malta,MLT,2007,13000
Malta,MLT,2008,14000
Malta,MLT,2009,19000
Malta,MLT,2010,23000
Malta,MLT,2011,40000
Malta,MLT,2012,38000
Malta,MLT,2013,32000
Malta,MLT,2014,32000
Malta,MLT,2015,31000
Malta,MLT,2016,37000
Malta,MLT,2017,36000
Malta,MLT,2018,34000
Malta,MLT,2019,32000
Malta,MLT,2020,36000
Malta,MLT,2021,43000
Malta,MLT,2022,41000
Marshall Islands,MHL,2007,8000
Martinique,MTQ,2004,2070
Martinique,MTQ,2005,2707
Martinique,MTQ,2006,3343
Martinique,MTQ,2007,3744
Martinique,MTQ,2008,4145
Martinique,MTQ,2009,4204
Martinique,MTQ,2010,5496
Martinique,MTQ,2011,6788
Martinique,MTQ,2012,7615
Martinique,MTQ,2013,8442
Martinique,MTQ,2014,10412.5
Martinique,MTQ,2015,12383
Martinique,MTQ,2016,14896.5
Martinique,MTQ,2017,17410
Martinique,MTQ,2018,17748
Martinique,MTQ,2019,18086
Mauritius,MUS,2007,8800
Mauritius,MUS,2008,9000
Mauritius,MUS,2009,12000
Mauritius,MUS,2019,15900
Mauritius,MUS,2020,9500
Mauritius,MUS,2021,13900
Mexico,MEX,2000,724300
Mexico,MEX,2001,742100
Mexico,MEX,2002,780470
Mexico,MEX,2003,820500
Mexico,MEX,2004,895000
Mexico,MEX,2005,1150000
Mexico,MEX,2006,1176000
Mexico,MEX,2007,1202200
Mexico,MEX,2008,1346800
Mexico,MEX,2009,1500000
Mexico,MEX,2010,1695000
Mexico,MEX,2011,1980000
Mexico,MEX,2012,2100000
Moldova,MDA,2020,25400
Moldova,MDA,2021,34500
Monaco,MCO,2000,0
Monaco,MCO,2001,0
Monaco,MCO,2002,0
Monaco,MCO,2003,0
Monaco,MCO,2004,0
Monaco,MCO,2005,0
Monaco,MCO,2006,0
Monaco,MCO,2007,0
Monaco,MCO,2008,0
Monaco,MCO,2009,0
Monaco,MCO,2010,0
Monaco,MCO,2011,0
Monaco,MCO,2012,0
Monaco,MCO,2013,0
Monaco,MCO,2014,0
Monaco,MCO,2015,0
Monaco,MCO,2016,0
Monaco,MCO,2017,0
Monaco,MCO,2018,0
Monaco,MCO,2019,0
Monaco,MCO,2020,0
Monaco,MCO,2021,0
Montenegro,MNE,2018,12000
Montenegro,MNE,2019,18000
Montenegro,MNE,2020,14000
Montenegro,MNE,2021,15000
Montenegro,MNE,2022,14000
Montserrat,MSR,2010,0
Morocco,MAR,2000,130000
Morocco,MAR,2010,500000
Morocco,MAR,2011,500000
Morocco,MAR,2014,566796
Morocco,MAR,2015,581711.5
Nepal,NPL,2012,256.4
Netherlands,NLD,2000,4202000
Netherlands,NLD,2001,4178000
Netherlands,NLD,2002,4388000
Netherlands,NLD,2003,4332000
Netherlands,NLD,2004,4570000
Netherlands,NLD,2005,4566000
Netherlands,NLD,2006,4564000
Netherlands,NLD,2007,4789000
Netherlands,NLD,2008,4780000
Netherlands,NLD,2009,4777000
Netherlands,NLD,2010,4664000
Netherlands,NLD,2011,4651000
Netherlands,NLD,2012,4549000
Netherlands,NLD,2013,4406000
Netherlands,NLD,2014,4527000
Netherlands,NLD,2015,4590000
Netherlands,NLD,2016,4740000
Netherlands,NLD,2017,4801000
Netherlands,NLD,2018,4922000
Netherlands,NLD,2019,5010000
Netherlands,NLD,2020,5297000
Netherlands,NLD,2021,5216000
Netherlands,NLD,2022,4816000
New Zealand,NZL,2002,0
New Zealand,NZL,2003,0
New Zealand,NZL,2004,0
New Zealand,NZL,2006,0
New Zealand,NZL,2010,0
New Zealand,NZL,2011,0
New Zealand,NZL,2012,0
New Zealand,NZL,2013,0
New Zealand,NZL,2014,0
New Zealand,NZL,2015,0
New Zealand,NZL,2016,0
New Zealand,NZL,2017,0
New Zealand,NZL,2018,0
New Zealand,NZL,2019,0
New Zealand,NZL,2020,0
New Zealand,NZL,2021,0
New Zealand,NZL,2022,0
Niger,NER,2000,274750
Niger,NER,2001,338750
Niger,NER,2002,348250
Niger,NER,2003,345000
Niger,NER,2004,361250
Niger,NER,2005,390000
North Macedonia,MKD,2008,0
North Macedonia,MKD,2009,0
North Macedonia,MKD,2011,0
North Macedonia,MKD,2012,0
North Macedonia,MKD,2013,0
North Macedonia,MKD,2014,0
North Macedonia,MKD,2015,0
North Macedonia,MKD,2022,0
Norway,NOR,2000,843000
Norway,NOR,2001,723000
Norway,NOR,2002,807000
Norway,NOR,2003,840000
Norway,NOR,2004,695000
Norway,NOR,2005,774000
Norway,NOR,2006,863000
Norway,NOR,2007,986000
Norway,NOR,2008,1013000
Norway,NOR,2009,975000
Norway,NOR,2010,967000
Norway,NOR,2011,959000
Norway,NOR,2012,953000
Norway,NOR,2013,987000
Norway,NOR,2014,918000
Norway,NOR,2015,936000
Norway,NOR,2016,1509000
Norway,NOR,2017,1532000
Norway,NOR,2018,1598000
Norway,NOR,2019,1696000
Norway,NOR,2020,1756000
Norway,NOR,2021,1651000
Norway,NOR,2022,1725000
Oman,OMN,2020,555949
Oman,OMN,2021,720441
Oman,OMN,2022,787770
Palestine,PSE,2001,11000
Palestine,PSE,2002,11000
Palestine,PSE,2003,12000
Palestine,PSE,2004,12000
Palestine,PSE,2005,12000
Palestine,PSE,2006,13000
Palestine,PSE,2007,13000
Palestine,PSE,2008,13000
Palestine,PSE,2009,14000
Palestine,PSE,2010,14000
Palestine,PSE,2011,15000
Palestine,PSE,2012,15000
Palestine,PSE,2013,15600
Palestine,PSE,2014,16000
Palestine,PSE,2015,16500
Palestine,PSE,2019,36960
Palestine,PSE,2021,119820
Peru,PER,2014,17188.9
Peru,PER,2015,21632.2
Peru,PER,2016,23475.4
Peru,PER,2017,45003.8
Peru,PER,2018,50170.5
Peru,PER,2019,56888.2
Peru,PER,2020,24846.8
Peru,PER,2021,80250.8
Poland,POL,2000,261000
Poland,POL,2001,456000
Poland,POL,2002,331000
Poland,POL,2003,274000
Poland,POL,2004,477000
Poland,POL,2005,685000
Poland,POL,2006,845000
Poland,POL,2007,943000
Poland,POL,2008,1281000
Poland,POL,2009,1585000
Poland,POL,2010,1964000
Poland,POL,2011,1383000
Poland,POL,2012,1446000
Poland,POL,2013,1711000
Poland,POL,2014,2740000
Poland,POL,2015,3528000
Poland,POL,2016,4057000
Poland,POL,2017,4047000
Poland,POL,2018,4281000
Poland,POL,2019,4345000
Poland,POL,2020,5077000
Poland,POL,2021,5505000
Poland,POL,2022,5485000
Portugal,PRT,2000,496000
Portugal,PRT,2001,560000
Portugal,PRT,2002,347000
Portugal,PRT,2003,513000
Portugal,PRT,2004,628000
Portugal,PRT,2005,719000
Portugal,PRT,2006,777000
Portugal,PRT,2007,849000
Portugal,PRT,2008,949000
Portugal,PRT,2009,1072000
Portugal,PRT,2010,1018000
Portugal,PRT,2011,1041000
Portugal,PRT,2012,1243000
Portugal,PRT,2013,1187000
Portugal,PRT,2014,1430000
Portugal,PRT,2015,1423000
Portugal,PRT,2016,1513000
Portugal,PRT,2017,1458000
Portugal,PRT,2018,1519000
Portugal,PRT,2019,1526000
Portugal,PRT,2020,1413000
Portugal,PRT,2021,1617000
Portugal,PRT,2022,1606000
Qatar,QAT,2010,13741
Qatar,QAT,2011,9928
Qatar,QAT,2012,6632
Qatar,QAT,2013,16450
Qatar,QAT,2014,17514
Qatar,QAT,2015,69748
Qatar,QAT,2016,53384
Qatar,QAT,2017,42100
Qatar,QAT,2018,77600
Qatar,QAT,2019,18300
Reunion,REU,2004,21045
Reunion,REU,2005,30073
Reunion,REU,2006,39100
Reunion,REU,2007,41012
Reunion,REU,2008,42923
Reunion,REU,2009,77827
Reunion,REU,2010,88624.5
Reunion,REU,2011,99422
Reunion,REU,2012,110533.5
Reunion,REU,2013,121645
Reunion,REU,2014,103805
Reunion,REU,2015,85965
Reunion,REU,2016,137256
Reunion,REU,2017,188547
Reunion,REU,2018,187661
Reunion,REU,2019,186775
Romania,ROU,2000,0
Romania,ROU,2001,123000
Romania,ROU,2002,170000
Romania,ROU,2003,17000
Romania,ROU,2004,84000
Romania,ROU,2005,145000
Romania,ROU,2006,41000
Romania,ROU,2007,37000
Romania,ROU,2008,75000
Romania,ROU,2009,82000
Romania,ROU,2010,811000
Romania,ROU,2011,610000
Romania,ROU,2012,745000
Romania,ROU,2013,670000
Romania,ROU,2014,648000
Romania,ROU,2015,650000
Romania,ROU,2016,689000
Romania,ROU,2017,745000
Romania,ROU,2018,586000
Romania,ROU,2019,623000
Romania,ROU,2020,663000
Romania,ROU,2021,654000
Romania,ROU,2022,712000
Saint Vincent and the Grenadines,VCT,2002,5700
Samoa,WSM,2015,70
Samoa,WSM,2016,542
Samoa,WSM,2017,863
Senegal,SEN,2015,488583.72
Serbia,SRB,2006,0
Serbia,SRB,2007,0
Serbia,SRB,2008,0
Serbia,SRB,2009,0
Serbia,SRB,2010,0
Serbia,SRB,2011,0
Serbia,SRB,2012,0
Serbia,SRB,2013,25000
Serbia,SRB,2014,15000
Serbia,SRB,2015,14000
Serbia,SRB,2016,5000
Serbia,SRB,2017,6000
Serbia,SRB,2018,6000
Serbia,SRB,2020,455000
Serbia,SRB,2021,507000
Serbia,SRB,2022,561000
Singapore,SGP,2000,1857300
Singapore,SGP,2001,2233200
Singapore,SGP,2002,2183400
Singapore,SGP,2003,2223200
Singapore,SGP,2004,2307100
Singapore,SGP,2005,2469400
Singapore,SGP,2006,2656900
Singapore,SGP,2007,2980100
Singapore,SGP,2008,3296100
Singapore,SGP,2009,3446200
Singapore,SGP,2010,3707000
Singapore,SGP,2011,3999800
Singapore,SGP,2012,4289800
Singapore,SGP,2013,4825700
Singapore,SGP,2014,4471300
Singapore,SGP,2015,4649700
Singapore,SGP,2016,4769000
Singapore,SGP,2017,4724000
Singapore,SGP,2018,4726000
Singapore,SGP,2019,4247000
Singapore,SGP,2020,3040000
Singapore,SGP,2021,3826000
Slovakia,SVK,2000,71000
Slovakia,SVK,2001,70000
Slovakia,SVK,2002,69000
Slovakia,SVK,2003,84000
Slovakia,SVK,2004,86000
Slovakia,SVK,2005,30000
Slovakia,SVK,2006,61000
Slovakia,SVK,2007,104000
Slovakia,SVK,2008,124000
Slovakia,SVK,2009,137000
Slovakia,SVK,2010,157000
Slovakia,SVK,2011,183000
Slovakia,SVK,2012,222000
Slovakia,SVK,2013,177000
Slovakia,SVK,2014,180000
Slovakia,SVK,2015,266000
Slovakia,SVK,2016,434000
Slovakia,SVK,2017,614000
Slovakia,SVK,2018,818000
Slovakia,SVK,2019,886000
Slovakia,SVK,2020,1184000
Slovakia,SVK,2021,1323000
Slovakia,SVK,2022,1286000
Slovenia,SVN,2000,61000
Slovenia,SVN,2001,26000
Slovenia,SVN,2002,73000
Slovenia,SVN,2003,105000
Slovenia,SVN,2004,198000
Slovenia,SVN,2005,184000
Slovenia,SVN,2006,160000
Slovenia,SVN,2007,232000
Slovenia,SVN,2008,207000
Slovenia,SVN,2009,209000
Slovenia,SVN,2010,225000
Slovenia,SVN,2011,304000
Slovenia,SVN,2012,313000
Slovenia,SVN,2013,297000
Slovenia,SVN,2014,321000
Slovenia,SVN,2015,501000
Slovenia,SVN,2016,523000
Slovenia,SVN,2017,563000
Slovenia,SVN,2018,594000
Slovenia,SVN,2019,623000
Slovenia,SVN,2020,607000
Slovenia,SVN,2021,655000
Slovenia,SVN,2022,644000
South Africa,ZAF,2005,260566
South Africa,ZAF,2006,520843.6
South Africa,ZAF,2018,44307136
South Africa,ZAF,2019,41422090
South Africa,ZAF,2020,34243584
South Africa,ZAF,2021,14197056
Spain,ESP,2000,4884000
Spain,ESP,2001,5702000
Spain,ESP,2002,7725000
Spain,ESP,2003,7835000
Spain,ESP,2004,7950000
Spain,ESP,2005,8055000
Spain,ESP,2006,8169000
Spain,ESP,2007,7994000
Spain,ESP,2008,10056000
Spain,ESP,2009,8327000
Spain,ESP,2010,6942000
Spain,ESP,2011,6054000
Spain,ESP,2012,6522000
Spain,ESP,2013,6891000
Spain,ESP,2014,6420000
Spain,ESP,2015,6344000
Spain,ESP,2016,7295000
Spain,ESP,2017,7951000
Spain,ESP,2018,7732000
Spain,ESP,2019,8451000
Spain,ESP,2020,8279000
Spain,ESP,2021,9351000
Spain,ESP,2022,8608000
Suriname,SUR,2017,4812
Suriname,SUR,2018,3803
Suriname,SUR,2019,3225
Sweden,SWE,2000,1451000
Sweden,SWE,2001,1523000
Sweden,SWE,2002,1649000
Sweden,SWE,2003,1717000
Sweden,SWE,2004,1819000
Sweden,SWE,2005,1929000
Sweden,SWE,2006,2127000
Sweden,SWE,2007,2082000
Sweden,SWE,2008,2043000
Sweden,SWE,2009,2159000
Sweden,SWE,2010,1979000
Sweden,SWE,2011,2009000
Sweden,SWE,2012,2026000
Sweden,SWE,2013,2108000
Sweden,SWE,2014,2119000
Sweden,SWE,2015,2103000
Sweden,SWE,2016,2149000
Sweden,SWE,2017,2130000
Sweden,SWE,2018,2024000
Sweden,SWE,2019,2150000
Sweden,SWE,2020,1707000
Sweden,SWE,2021,1720000
Sweden,SWE,2022,1645000
Switzerland,CHE,2000,2141000
Switzerland,CHE,2001,2234000
Switzerland,CHE,2002,2306000
Switzerland,CHE,2003,2336000
Switzerland,CHE,2004,2386000
Switzerland,CHE,2005,2500000
Switzerland,CHE,2006,2670000
Switzerland,CHE,2007,2785000
Switzerland,CHE,2008,2823000
Switzerland,CHE,2009,2801000
Switzerland,CHE,2010,2808000
Switzerland,CHE,2011,2746000
Switzerland,CHE,2012,2790000
Switzerland,CHE,2013,2910000
Switzerland,CHE,2014,3216000
Switzerland,CHE,2015,3180000
Switzerland,CHE,2016,3174000
Switzerland,CHE,2017,3146000
Switzerland,CHE,2018,3156000
Switzerland,CHE,2019,3222000
Switzerland,CHE,2020,3221000
Switzerland,CHE,2021,3204000
Switzerland,CHE,2022,3100000
Syria,SYR,2003,85000
Tanzania,TZA,2004,500
Tanzania,TZA,2005,1560
Tanzania,TZA,2006,2550
Tanzania,TZA,2007,2600
Tanzania,TZA,2008,2650
Tanzania,TZA,2009,2580
Tanzania,TZA,2010,2640
Tanzania,TZA,2011,2580
Tanzania,TZA,2012,2660
Tanzania,TZA,2013,2680
Tanzania,TZA,2014,2590
Tanzania,TZA,2015,3291.2
Thailand,THA,2014,5020000
Thailand,THA,2015,4780000
Thailand,THA,2016,5161000
Thailand,THA,2017,6156000
Thailand,THA,2018,7310000
Thailand,THA,2019,8709000
Thailand,THA,2020,4360000
Thailand,THA,2021,4000000
Togo,TGO,2011,2000
Togo,TGO,2012,4000
Tunisia,TUN,2001,800
Turkey,TUR,2016,3092000
Turkey,TUR,2017,3130000
Turkey,TUR,2018,3971000
Turkey,TUR,2019,4027000
Turkey,TUR,2020,4264000
Turkey,TUR,2021,4318000
Ukraine,UKR,2007,87800
Ukraine,UKR,2008,91000
Ukraine,UKR,2009,166600
Ukraine,UKR,2010,139600
Ukraine,UKR,2011,74500
Ukraine,UKR,2012,57400
Ukraine,UKR,2013,9400
Ukraine,UKR,2014,3800
Ukraine,UKR,2015,4000
Ukraine,UKR,2016,6500
Ukraine,UKR,2017,16500
Ukraine,UKR,2018,16700
Ukraine,UKR,2019,100
United Arab Emirates,ARE,2009,565000
United Arab Emirates,ARE,2011,738902.4
United Arab Emirates,ARE,2012,686857.7
United Arab Emirates,ARE,2013,507144.7
United Arab Emirates,ARE,2014,1001916.3
United Arab Emirates,ARE,2015,1343399.8
United Arab Emirates,ARE,2016,1105473.6
United Arab Emirates,ARE,2017,1350728
United Arab Emirates,ARE,2018,1458499.8
United Arab Emirates,ARE,2019,1159694.4
United Arab Emirates,ARE,2020,266355.5
United Kingdom,GBR,2000,2836000
United Kingdom,GBR,2001,3181000
United Kingdom,GBR,2002,3733000
United Kingdom,GBR,2003,4698000
United Kingdom,GBR,2004,5657000
United Kingdom,GBR,2005,6362000
United Kingdom,GBR,2006,7107000
United Kingdom,GBR,2007,7680000
United Kingdom,GBR,2008,7775000
United Kingdom,GBR,2009,7890340
United Kingdom,GBR,2010,8068620
United Kingdom,GBR,2011,8134030
United Kingdom,GBR,2012,8173096
United Kingdom,GBR,2013,8460000
United Kingdom,GBR,2014,8466000
United Kingdom,GBR,2015,8557788
United Kingdom,GBR,2016,8639750
United Kingdom,GBR,2017,8324172
United Kingdom,GBR,2018,8385508
United Kingdom,GBR,2019,8310999
United Kingdom,GBR,2020,8032298
United Kingdom,GBR,2021,8172345
United Kingdom,GBR,2022,7738782
United States,USA,2000,48090000
United States,USA,2001,48199000
United States,USA,2002,49197000
United States,USA,2003,50839000
United States,USA,2004,52707000
United States,USA,2005,53742000
United States,USA,2006,56118000
United States,USA,2007,57243000
United States,USA,2008,56209000
United States,USA,2009,56273000
United States,USA,2010,59203000
United States,USA,2011,60500000
United States,USA,2012,59393000
United States,USA,2013,58913000
United States,USA,2014,60010000
United States,USA,2015,61289000
United States,USA,2016,62178000
United States,USA,2017,60763000
United States,USA,2018,62677000
Uruguay,URY,2000,0
Uzbekistan,UZB,2017,631360
Uzbekistan,UZB,2018,1370100
Uzbekistan,UZB,2021,1698161
Zimbabwe,ZWE,2016,41139.18
Zimbabwe,ZWE,2017,41939.56